1,2,3,4,5
a,b,a,c,k
a,b,a,s,e
a,b,a,t,e
a,b,a,y,a
a,b,b,e,y
a,b,b,o,t
a,b,e,t,s
a,b,h,o,r
a,b,i,d,e
a,b,o,d,e
a,b,o,r,t
a,b,o,u,t
a,b,o,v,e
a,b,u,s,e
a,b,u,t,s
a,b,y,s,s
a,c,h,e,d
a,c,h,e,s
a,c,i,d,s
a,c,i,n,g
a,c,k,e,e
a,c,o,r,n
a,c,r,e,s
a,c,r,i,d
a,c,t,e,d
a,c,t,i,n
a,c,t,o,r
a,c,u,t,e
a,d,a,g,e
a,d,a,p,t
a,d,d,e,d
a,d,d,e,r
a,d,d,l,e
a,d,e,p,t
a,d,i,e,u
a,d,i,o,s
a,d,i,t,s
a,d,m,a,n
a,d,m,i,n
a,d,m,i,t
a,d,o,b,e
a,d,o,b,o
a,d,o,p,t
a,d,o,r,e
a,d,o,r,n
a,d,u,l,t
a,d,z,e,s
a,e,g,i,s
a,e,o,n,s
a,e,r,i,e
a,f,f,i,x
a,f,i,r,e
a,f,o,o,t
a,f,o,r,e
a,f,t,e,r
a,g,a,i,n
a,g,a,p,e
a,g,a,t,e
a,g,a,v,e
a,g,e,n,t
a,g,g,r,o
a,g,i,l,e
a,g,i,n,g
a,g,l,o,w
a,g,o,n,y
a,g,o,r,a
a,g,r,e,e
a,h,e,a,d
a,h,o,l,d
a,i,d,e,d
a,i,d,e,r
a,i,d,e,s
a,i,l,e,d
a,i,m,e,d
a,i,m,e,r
a,i,o,l,i
a,i,r,e,d
a,i,s,l,e
a,l,a,r,m
a,l,b,u,m
a,l,d,e,r
a,l,e,p,h
a,l,e,r,t
a,l,g,a,e
a,l,g,a,l
a,l,i,a,s
a,l,i,b,i
a,l,i,e,n
a,l,i,g,n
a,l,i,k,e
a,l,i,v,e
a,l,k,y,d
a,l,k,y,l
a,l,l,a,y
a,l,l,e,y
a,l,l,o,t
a,l,l,o,w
a,l,l,o,y
a,l,l,y,l
a,l,o,e,s
a,l,o,f,t
a,l,o,h,a
a,l,o,n,e
a,l,o,n,g
a,l,o,o,f
a,l,o,u,d
a,l,p,h,a
a,l,t,a,r
a,l,t,e,r
a,l,t,o,s
a,l,u,m,s
a,m,a,s,s
a,m,a,z,e
a,m,b,e,r
a,m,b,i,t
a,m,b,l,e
a,m,b,o,s
a,m,e,n,d
a,m,i,d,e
a,m,i,n,e
a,m,i,n,o
a,m,i,s,s
a,m,i,t,y
a,m,n,i,o
a,m,o,n,g
a,m,o,u,r
a,m,p,e,d
a,m,p,l,e
a,m,p,l,y
a,m,u,s,e
a,n,c,h,o
a,n,g,e,l
a,n,g,e,r
a,n,g,l,e
a,n,g,r,y
a,n,g,s,t
a,n,i,m,a
a,n,i,m,e
a,n,i,o,n
a,n,i,s,e
a,n,k,l,e
a,n,n,a,s
a,n,n,e,x
a,n,n,o,y
a,n,n,u,l
a,n,o,d,e
a,n,o,l,e
a,n,t,i,c
a,n,t,i,s
a,n,t,s,y
a,n,v,i,l
a,o,r,t,a
a,p,a,c,e
a,p,a,r,t
a,p,h,i,d
a,p,n,e,a
a,p,p,l,e
a,p,p,l,y
a,p,r,o,n
a,p,s,e,s
a,p,t,e,r
a,p,t,l,y
a,q,u,a,s
a,r,b,o,r
a,r,d,o,r
a,r,e,a,l
a,r,e,a,s
a,r,e,c,a
a,r,e,n,a
a,r,g,o,n
a,r,g,o,t
a,r,g,u,e
a,r,g,u,s
a,r,i,a,s
a,r,i,l,s
a,r,i,s,e
a,r,m,e,d
a,r,m,o,r
a,r,o,m,a
a,r,o,s,e
a,r,r,a,y
a,r,r,o,w
a,r,s,e,s
a,r,s,o,n
a,r,t,s,y
a,s,a,n,a
a,s,c,o,t
a,s,h,e,n
a,s,h,e,s
a,s,i,d,e
a,s,k,e,d
a,s,k,e,r
a,s,k,e,w
a,s,p,e,n
a,s,p,i,c
a,s,s,a,y
a,s,s,e,s
a,s,s,e,t
a,s,t,e,r
a,s,t,i,r
a,s,u,r,a
a,t,l,a,s
a,t,m,a,n
a,t,o,l,l
a,t,o,m,s
a,t,o,n,e
a,t,o,p,y
a,t,t,i,c
a,u,d,i,o
a,u,d,i,t
a,u,g,e,r
a,u,g,h,t
a,u,g,u,r
a,u,n,t,s
a,u,n,t,y
a,u,r,a,l
a,u,r,a,s
a,u,t,o,s
a,u,x,i,n
a,v,a,i,l
a,v,e,r,s
a,v,e,r,t
a,v,i,a,n
a,v,o,i,d
a,v,o,w,s
a,w,a,i,t
a,w,a,k,e
a,w,a,r,d
a,w,a,r,e
a,w,a,s,h
a,w,f,u,l
a,w,o,k,e
a,x,e,l,s
a,x,i,a,l
a,x,i,l,s
a,x,i,n,g
a,x,i,o,m
a,x,i,o,n
a,x,l,e,s
a,x,o,n,s
a,z,i,d,e
a,z,o,l,e
a,z,u,r,e
b,a,b,e,l
b,a,b,e,s
b,a,b,k,a
b,a,c,k,s
b,a,c,o,n
b,a,d,d,y
b,a,d,g,e
b,a,d,l,y
b,a,g,e,l
b,a,g,g,y
b,a,i,l,s
b,a,i,r,n
b,a,i,t,s
b,a,i,z,e
b,a,k,e,d
b,a,k,e,r
b,a,k,e,s
b,a,l,d,y
b,a,l,e,d
b,a,l,e,r
b,a,l,e,s
b,a,l,k,s
b,a,l,k,y
b,a,l,l,s
b,a,l,m,s
b,a,l,m,y
b,a,l,s,a
b,a,n,a,l
b,a,n,d,s
b,a,n,d,y
b,a,n,e,s
b,a,n,g,s
b,a,n,j,o
b,a,n,k,s
b,a,r,b,s
b,a,r,d,s
b,a,r,e,d
b,a,r,e,r
b,a,r,e,s
b,a,r,g,e
b,a,r,k,s
b,a,r,m,y
b,a,r,n,s
b,a,r,o,n
b,a,r,r,e
b,a,s,a,l
b,a,s,e,d
b,a,s,e,r
b,a,s,e,s
b,a,s,i,c
b,a,s,i,l
b,a,s,i,n
b,a,s,i,s
b,a,s,k,s
b,a,s,s,o
b,a,s,s,y
b,a,s,t,e
b,a,t,c,h
b,a,t,e,d
b,a,t,h,e
b,a,t,h,s
b,a,t,i,k
b,a,t,o,n
b,a,t,t,s
b,a,t,t,y
b,a,w,d,y
b,a,w,l,s
b,a,y,e,d
b,a,y,o,u
b,e,a,c,h
b,e,a,d,s
b,e,a,d,y
b,e,a,k,s
b,e,a,m,s
b,e,a,m,y
b,e,a,n,s
b,e,a,r,d
b,e,a,r,s
b,e,a,s,t
b,e,a,t,s
b,e,a,u,s
b,e,a,u,t
b,e,a,u,x
b,e,b,o,p
b,e,c,k,s
b,e,e,c,h
b,e,e,f,s
b,e,e,f,y
b,e,e,p,s
b,e,e,r,s
b,e,e,r,y
b,e,e,t,s
b,e,f,i,t
b,e,g,a,n
b,e,g,e,t
b,e,g,i,n
b,e,g,u,n
b,e,i,g,e
b,e,i,n,g
b,e,l,a,y
b,e,l,c,h
b,e,l,i,e
b,e,l,l,e
b,e,l,l,s
b,e,l,l,y
b,e,l,o,w
b,e,l,t,s
b,e,n,c,h
b,e,n,d,s
b,e,n,d,y
b,e,n,t,o
b,e,n,t,s
b,e,r,e,t
b,e,r,g,s
b,e,r,m,s
b,e,r,r,y
b,e,r,t,h
b,e,r,y,l
b,e,s,e,t
b,e,s,t,s
b,e,t,a,s
b,e,t,e,l
b,e,t,t,a
b,e,v,e,l
b,e,z,e,l
b,h,a,j,i
b,i,b,l,e
b,i,c,e,p
b,i,d,d,y
b,i,d,e,d
b,i,d,e,s
b,i,d,e,t
b,i,g,h,t
b,i,g,o,t
b,i,j,o,u
b,i,k,e,d
b,i,k,e,r
b,i,k,e,s
b,i,l,e,s
b,i,l,g,e
b,i,l,l,s
b,i,l,l,y
b,i,m,b,o
b,i,n,d,i
b,i,n,d,s
b,i,n,g,e
b,i,n,g,o
b,i,o,m,e
b,i,o,t,a
b,i,p,o,d
b,i,r,c,h
b,i,r,d,s
b,i,r,t,h
b,i,s,o,n
b,i,t,c,h
b,i,t,e,r
b,i,t,e,s
b,i,t,s,y
b,i,t,t,y
b,l,a,c,k
b,l,a,d,e
b,l,a,m,e
b,l,a,n,d
b,l,a,n,k
b,l,a,r,e
b,l,a,s,e
b,l,a,s,t
b,l,a,z,e
b,l,e,a,k
b,l,e,a,t
b,l,e,b,s
b,l,e,e,d
b,l,e,e,p
b,l,e,n,d
b,l,e,s,s
b,l,i,m,p
b,l,i,n,d
b,l,i,n,g
b,l,i,n,i
b,l,i,n,k
b,l,i,p,s
b,l,i,s,s
b,l,i,t,z
b,l,o,a,t
b,l,o,b,s
b,l,o,c,k
b,l,o,c,s
b,l,o,g,s
b,l,o,k,e
b,l,o,n,d
b,l,o,o,d
b,l,o,o,m
b,l,o,o,p
b,l,o,t,s
b,l,o,w,n
b,l,o,w,s
b,l,u,e,d
b,l,u,e,s
b,l,u,e,y
b,l,u,f,f
b,l,u,n,t
b,l,u,r,b
b,l,u,r,s
b,l,u,r,t
b,l,u,s,h
b,o,a,r,d
b,o,a,r,s
b,o,a,s,t
b,o,a,t,s
b,o,b,b,y
b,o,c,c,e
b,o,c,h,e
b,o,d,e,d
b,o,d,e,s
b,o,f,f,o
b,o,g,e,y
b,o,g,g,y
b,o,g,i,e
b,o,g,u,s
b,o,i,l,s
b,o,l,a,s
b,o,l,e,s
b,o,l,l,s
b,o,l,t,s
b,o,l,u,s
b,o,m,b,e
b,o,m,b,s
b,o,n,d,s
b,o,n,e,d
b,o,n,e,r
b,o,n,e,s
b,o,n,e,y
b,o,n,g,o
b,o,n,g,s
b,o,n,k,s
b,o,n,n,y
b,o,n,u,s
b,o,o,b,s
b,o,o,b,y
b,o,o,e,d
b,o,o,k,s
b,o,o,m,s
b,o,o,m,y
b,o,o,n,s
b,o,o,r,s
b,o,o,s,t
b,o,o,t,h
b,o,o,t,s
b,o,o,t,y
b,o,o,z,e
b,o,o,z,y
b,o,p,p,y
b,o,r,a,x
b,o,r,e,d
b,o,r,e,r
b,o,r,e,s
b,o,r,i,c
b,o,r,n,e
b,o,r,o,n
b,o,s,o,m
b,o,s,o,n
b,o,s,s,y
b,o,s,u,n
b,o,t,c,h
b,o,u,g,h
b,o,u,l,e
b,o,u,n,d
b,o,u,t,s
b,o,w,e,d
b,o,w,e,l
b,o,w,e,r
b,o,w,l,s
b,o,x,e,d
b,o,x,e,r
b,o,x,e,s
b,o,y,a,r
b,o,y,o,s
b,o,z,o,s
b,r,a,c,e
b,r,a,c,t
b,r,a,d,s
b,r,a,g,s
b,r,a,i,d
b,r,a,i,n
b,r,a,k,e
b,r,a,n,d
b,r,a,n,s
b,r,a,s,h
b,r,a,s,s
b,r,a,t,s
b,r,a,v,e
b,r,a,v,o
b,r,a,w,l
b,r,a,w,n
b,r,a,y,s
b,r,a,z,e
b,r,e,a,d
b,r,e,a,k
b,r,e,a,m
b,r,e,e,d
b,r,e,w,s
b,r,i,a,r
b,r,i,b,e
b,r,i,c,k
b,r,i,d,e
b,r,i,e,f
b,r,i,e,r
b,r,i,g,s
b,r,i,m,s
b,r,i,n,e
b,r,i,n,g
b,r,i,n,k
b,r,i,n,y
b,r,i,s,k
b,r,i,t,s
b,r,o,a,d
b,r,o,c,h
b,r,o,i,l
b,r,o,k,e
b,r,o,m,e
b,r,o,n,c
b,r,o,o,d
b,r,o,o,k
b,r,o,o,m
b,r,o,t,h
b,r,o,w,n
b,r,o,w,s
b,r,u,i,n
b,r,u,i,t
b,r,u,n,t
b,r,u,s,h
b,r,u,t,e
b,u,b,b,a
b,u,c,k,s
b,u,d,d,y
b,u,d,g,e
b,u,f,f,s
b,u,g,g,y
b,u,g,l,e
b,u,i,l,d
b,u,i,l,t
b,u,l,b,s
b,u,l,g,e
b,u,l,k,s
b,u,l,k,y
b,u,l,l,a
b,u,l,l,s
b,u,l,l,y
b,u,m,p,s
b,u,m,p,y
b,u,n,c,h
b,u,n,d,s
b,u,n,d,t
b,u,n,k,s
b,u,n,n,y
b,u,n,t,s
b,u,o,y,s
b,u,r,b,s
b,u,r,g,s
b,u,r,k,a
b,u,r,l,y
b,u,r,n,s
b,u,r,n,t
b,u,r,p,s
b,u,r,q,a
b,u,r,r,o
b,u,r,r,s
b,u,r,s,a
b,u,r,s,t
b,u,s,e,d
b,u,s,e,s
b,u,s,h,y
b,u,s,t,s
b,u,s,t,y
b,u,t,c,h
b,u,t,t,e
b,u,t,t,s
b,u,x,o,m
b,u,y,e,r
b,u,z,z,y
b,y,l,a,w
b,y,r,e,s
b,y,t,e,s
b,y,w,a,y
c,a,b,a,l
c,a,b,b,y
c,a,b,e,r
c,a,b,i,n
c,a,b,l,e
c,a,c,a,o
c,a,c,h,e
c,a,c,t,i
c,a,d,d,y
c,a,d,e,t
c,a,d,r,e
c,a,f,e,s
c,a,g,e,d
c,a,g,e,s
c,a,g,e,y
c,a,i,r,n
c,a,k,e,d
c,a,k,e,s
c,a,k,e,y
c,a,l,f,s
c,a,l,i,f
c,a,l,l,a
c,a,l,l,s
c,a,l,m,s
c,a,l,v,e
c,a,l,y,x
c,a,m,e,l
c,a,m,e,o
c,a,m,p,o
c,a,m,p,s
c,a,m,p,y
c,a,n,a,l
c,a,n,d,y
c,a,n,e,d
c,a,n,e,s
c,a,n,i,d
c,a,n,n,a
c,a,n,n,y
c,a,n,o,e
c,a,n,o,n
c,a,n,t,o
c,a,p,e,d
c,a,p,e,r
c,a,p,e,s
c,a,p,o,n
c,a,p,o,s
c,a,p,u,t
c,a,r,a,t
c,a,r,b,o
c,a,r,b,s
c,a,r,d,s
c,a,r,e,d
c,a,r,e,r
c,a,r,e,s
c,a,r,g,o
c,a,r,o,b
c,a,r,o,l
c,a,r,o,m
c,a,r,p,s
c,a,r,r,y
c,a,r,t,e
c,a,r,t,s
c,a,r,v,e
c,a,s,e,d
c,a,s,e,s
c,a,s,k,s
c,a,s,t,e
c,a,s,t,s
c,a,t,c,h
c,a,t,e,r
c,a,t,t,y
c,a,u,l,k
c,a,u,s,e
c,a,v,e,d
c,a,v,e,r
c,a,v,e,s
c,a,v,i,l
c,e,a,s,e
c,e,c,a,l
c,e,c,u,m
c,e,d,a,r
c,e,d,e,d
c,e,d,e,s
c,e,i,l,i
c,e,l,e,b
c,e,l,l,o
c,e,l,l,s
c,e,l,t,s
c,e,n,t,s
c,h,a,d,s
c,h,a,f,e
c,h,a,f,f
c,h,a,i,n
c,h,a,i,r
c,h,a,l,k
c,h,a,m,p
c,h,a,n,a
c,h,a,n,t
c,h,a,o,s
c,h,a,p,s
c,h,a,r,d
c,h,a,r,m
c,h,a,r,s
c,h,a,r,t
c,h,a,s,e
c,h,a,s,m
c,h,a,t,s
c,h,e,a,p
c,h,e,a,t
c,h,e,c,k
c,h,e,e,k
c,h,e,e,p
c,h,e,e,r
c,h,e,f,s
c,h,e,m,o
c,h,e,r,t
c,h,e,s,s
c,h,e,s,t
c,h,e,w,s
c,h,e,w,y
c,h,i,c,a
c,h,i,c,k
c,h,i,c,o
c,h,i,d,e
c,h,i,e,f
c,h,i,l,d
c,h,i,l,e
c,h,i,l,i
c,h,i,l,l
c,h,i,m,e
c,h,i,m,p
c,h,i,n,a
c,h,i,n,e
c,h,i,n,g
c,h,i,n,o
c,h,i,n,s
c,h,i,p,s
c,h,i,r,p
c,h,i,t,s
c,h,i,v,e
c,h,o,c,k
c,h,o,i,r
c,h,o,k,e
c,h,o,m,p
c,h,o,p,s
c,h,o,r,d
c,h,o,r,e
c,h,o,s,e
c,h,o,w,s
c,h,u,b,s
c,h,u,c,k
c,h,u,f,f
c,h,u,g,s
c,h,u,m,p
c,h,u,m,s
c,h,u,n,k
c,h,u,r,n
c,h,u,t,e
c,i,d,e,r
c,i,g,a,r
c,i,n,c,h
c,i,r,c,a
c,i,s,c,o
c,i,t,e,d
c,i,t,e,s
c,i,v,e,t
c,i,v,i,c
c,i,v,i,l
c,i,v,v,y
c,l,a,c,k
c,l,a,d,e
c,l,a,i,m
c,l,a,m,p
c,l,a,m,s
c,l,a,n,g
c,l,a,n,k
c,l,a,n,s
c,l,a,p,s
c,l,a,s,h
c,l,a,s,p
c,l,a,s,s
c,l,a,v,e
c,l,a,w,s
c,l,a,y,s
c,l,e,a,n
c,l,e,a,r
c,l,e,a,t
c,l,e,f,s
c,l,e,f,t
c,l,e,r,k
c,l,i,c,k
c,l,i,f,f
c,l,i,m,b
c,l,i,m,e
c,l,i,n,e
c,l,i,n,g
c,l,i,n,k
c,l,i,p,s
c,l,o,a,k
c,l,o,c,k
c,l,o,d,s
c,l,o,g,s
c,l,o,m,p
c,l,o,n,e
c,l,o,s,e
c,l,o,t,h
c,l,o,t,s
c,l,o,u,d
c,l,o,u,t
c,l,o,v,e
c,l,o,w,n
c,l,u,b,s
c,l,u,c,k
c,l,u,e,d
c,l,u,e,s
c,l,u,m,p
c,l,u,n,g
c,l,u,n,k
c,o,a,c,h
c,o,a,l,s
c,o,a,s,t
c,o,a,t,i
c,o,a,t,s
c,o,b,i,a
c,o,b,r,a
c,o,c,c,i
c,o,c,k,s
c,o,c,k,y
c,o,c,o,a
c,o,d,a,s
c,o,d,e,c
c,o,d,e,d
c,o,d,e,r
c,o,d,e,s
c,o,d,e,x
c,o,d,o,n
c,o,e,d,s
c,o,h,o,s
c,o,i,f,s
c,o,i,l,s
c,o,i,n,s
c,o,k,e,s
c,o,l,a,s
c,o,l,d,s
c,o,l,e,s
c,o,l,i,c
c,o,l,i,n
c,o,l,o,n
c,o,l,o,r
c,o,l,t,s
c,o,m,a,s
c,o,m,b,o
c,o,m,b,s
c,o,m,e,r
c,o,m,e,s
c,o,m,e,t
c,o,m,f,y
c,o,m,i,c
c,o,m,m,a
c,o,m,m,o
c,o,m,p,o
c,o,m,p,s
c,o,m,t,e
c,o,n,c,h
c,o,n,d,o
c,o,n,e,d
c,o,n,e,s
c,o,n,g,a
c,o,n,g,o
c,o,n,i,c
c,o,n,k,s
c,o,o,e,d
c,o,o,k,s
c,o,o,l,s
c,o,o,p,s
c,o,o,p,t
c,o,p,e,d
c,o,p,e,s
c,o,p,r,a
c,o,p,s,e
c,o,r,a,l
c,o,r,d,s
c,o,r,e,d
c,o,r,e,r
c,o,r,e,s
c,o,r,g,i
c,o,r,k,s
c,o,r,k,y
c,o,r,m,s
c,o,r,n,s
c,o,r,n,u
c,o,r,n,y
c,o,r,p,s
c,o,s,t,s
c,o,t,t,a
c,o,u,c,h
c,o,u,g,h
c,o,u,l,d
c,o,u,n,t
c,o,u,p,e
c,o,u,p,s
c,o,u,r,t
c,o,v,e,n
c,o,v,e,r
c,o,v,e,s
c,o,v,e,t
c,o,v,e,y
c,o,w,e,d
c,o,w,e,r
c,o,w,l,s
c,o,y,l,y
c,r,a,b,s
c,r,a,c,k
c,r,a,f,t
c,r,a,g,s
c,r,a,m,p
c,r,a,m,s
c,r,a,n,e
c,r,a,n,k
c,r,a,p,e
c,r,a,p,s
c,r,a,s,h
c,r,a,s,s
c,r,a,t,e
c,r,a,v,e
c,r,a,w,l
c,r,a,w,s
c,r,a,z,e
c,r,a,z,y
c,r,e,a,k
c,r,e,a,m
c,r,e,d,o
c,r,e,e,d
c,r,e,e,k
c,r,e,e,l
c,r,e,e,p
c,r,e,m,e
c,r,e,p,e
c,r,e,p,t
c,r,e,s,s
c,r,e,s,t
c,r,e,w,s
c,r,i,b,s
c,r,i,c,k
c,r,i,e,d
c,r,i,e,r
c,r,i,e,s
c,r,i,m,e
c,r,i,m,p
c,r,i,s,p
c,r,i,t,s
c,r,o,a,k
c,r,o,c,k
c,r,o,c,s
c,r,o,f,t
c,r,o,n,e
c,r,o,n,y
c,r,o,o,k
c,r,o,o,n
c,r,o,p,s
c,r,o,s,s
c,r,o,u,p
c,r,o,w,d
c,r,o,w,n
c,r,o,w,s
c,r,u,d,e
c,r,u,e,l
c,r,u,e,t
c,r,u,m,b
c,r,u,s,e
c,r,u,s,h
c,r,u,s,t
c,r,y,p,t
c,u,b,b,y
c,u,b,e,d
c,u,b,e,s
c,u,b,i,c
c,u,b,i,t
c,u,d,d,y
c,u,f,f,s
c,u,l,l,s
c,u,l,p,a
c,u,l,t,s
c,u,m,i,n
c,u,p,i,d
c,u,p,p,a
c,u,r,b,s
c,u,r,d,s
c,u,r,e,d
c,u,r,e,s
c,u,r,i,a
c,u,r,i,o
c,u,r,l,s
c,u,r,l,y
c,u,r,r,y
c,u,r,s,e
c,u,r,v,e
c,u,r,v,y
c,u,s,h,y
c,u,s,p,s
c,u,t,e,r
c,u,t,i,e
c,u,t,i,s
c,u,t,u,p
c,y,c,a,d
c,y,c,l,e
c,y,c,l,o
c,y,n,i,c
c,y,s,t,s
c,z,a,r,s
d,a,c,h,a
d,a,d,d,y
d,a,d,o,s
d,a,f,f,y
d,a,i,l,y
d,a,i,r,y
d,a,i,s,y
d,a,l,e,s
d,a,m,e,s
d,a,m,n,s
d,a,m,p,s
d,a,n,c,e
d,a,n,d,y
d,a,r,e,d
d,a,r,e,s
d,a,r,k,s
d,a,r,n,s
d,a,r,t,s
d,a,s,h,i
d,a,t,e,d
d,a,t,e,r
d,a,t,e,s
d,a,t,u,m
d,a,u,b,s
d,a,u,n,t
d,a,v,i,t
d,a,w,n,s
d,a,z,e,d
d,e,a,l,s
d,e,a,l,t
d,e,a,n,s
d,e,a,r,s
d,e,a,r,y
d,e,a,t,h
d,e,b,i,t
d,e,b,t,s
d,e,b,u,g
d,e,b,u,t
d,e,c,a,f
d,e,c,a,l
d,e,c,a,y
d,e,c,k,s
d,e,c,o,r
d,e,c,o,y
d,e,c,r,y
d,e,e,d,s
d,e,e,m,s
d,e,e,p,s
d,e,e,r,s
d,e,f,e,r
d,e,i,f,y
d,e,i,g,n
d,e,i,s,m
d,e,i,s,t
d,e,i,t,y
d,e,k,e,s
d,e,l,a,y
d,e,l,f,t
d,e,l,i,s
d,e,l,l,s
d,e,l,t,a
d,e,l,v,e
d,e,m,o,n
d,e,m,o,s
d,e,m,u,r
d,e,n,i,m
d,e,n,s,e
d,e,n,t,s
d,e,p,o,t
d,e,p,t,h
d,e,r,b,y
d,e,s,k,s
d,e,t,e,r
d,e,t,o,x
d,e,u,c,e
d,e,v,i,l
d,e,w,a,r
d,h,i,k,r
d,h,o,w,s
d,i,a,l,s
d,i,a,r,y
d,i,c,e,d
d,i,c,e,s
d,i,c,e,y
d,i,c,k,y
d,i,c,t,a
d,i,e,t,s
d,i,g,i,t
d,i,k,e,d
d,i,k,e,s
d,i,l,l,s
d,i,l,l,y
d,i,m,e,r
d,i,m,e,s
d,i,m,l,y
d,i,n,a,r
d,i,n,e,d
d,i,n,e,r
d,i,n,e,s
d,i,n,g,o
d,i,n,g,s
d,i,n,g,y
d,i,n,k,s
d,i,n,k,y
d,i,n,o,s
d,i,o,d,e
d,i,p,p,y
d,i,r,e,r
d,i,r,g,e
d,i,r,t,y
d,i,s,c,o
d,i,s,c,s
d,i,s,h,y
d,i,s,k,s
d,i,t,c,h
d,i,t,s,y
d,i,t,t,o
d,i,t,t,y
d,i,t,z,y
d,i,v,a,n
d,i,v,a,s
d,i,v,e,d
d,i,v,e,r
d,i,v,e,s
d,i,v,o,t
d,i,v,v,y
d,i,z,z,y
d,o,c,k,s
d,o,d,g,e
d,o,d,g,y
d,o,d,o,s
d,o,e,r,s
d,o,f,f,s
d,o,g,e,s
d,o,g,g,y
d,o,g,m,a
d,o,i,n,g
d,o,l,e,d
d,o,l,e,s
d,o,l,l,s
d,o,l,l,y
d,o,l,o,r
d,o,l,t,s
d,o,m,e,d
d,o,m,e,s
d,o,n,e,e
d,o,n,g,s
d,o,n,n,a
d,o,n,o,r
d,o,n,u,t
d,o,o,m,s
d,o,o,m,y
d,o,o,r,s
d,o,o,z,y
d,o,p,e,d
d,o,p,e,s
d,o,p,e,y
d,o,r,k,s
d,o,r,k,y
d,o,r,m,s
d,o,s,a,s
d,o,s,e,d
d,o,s,e,s
d,o,t,e,d
d,o,t,e,s
d,o,t,t,y
d,o,u,b,t
d,o,u,g,h
d,o,u,l,a
d,o,u,s,e
d,o,v,e,s
d,o,w,d,y
d,o,w,e,l
d,o,w,e,r
d,o,w,n,s
d,o,w,n,y
d,o,w,r,y
d,o,w,s,e
d,o,y,e,n
d,o,z,e,d
d,o,z,e,n
d,o,z,e,r
d,o,z,e,s
d,r,a,b,s
d,r,a,f,t
d,r,a,g,s
d,r,a,i,n
d,r,a,k,e
d,r,a,m,a
d,r,a,m,s
d,r,a,n,k
d,r,a,p,e
d,r,a,w,l
d,r,a,w,n
d,r,a,w,s
d,r,a,y,s
d,r,e,a,d
d,r,e,a,m
d,r,e,c,k
d,r,e,g,s
d,r,e,s,s
d,r,i,b,s
d,r,i,e,d
d,r,i,e,r
d,r,i,e,s
d,r,i,f,t
d,r,i,l,l
d,r,i,l,y
d,r,i,n,k
d,r,i,p,s
d,r,i,v,e
d,r,o,i,d
d,r,o,l,l
d,r,o,n,e
d,r,o,o,l
d,r,o,o,p
d,r,o,p,s
d,r,o,s,s
d,r,o,v,e
d,r,o,w,n
d,r,u,g,s
d,r,u,i,d
d,r,u,m,s
d,r,u,n,k
d,r,u,p,e
d,r,y,a,d
d,r,y,e,r
d,r,y,l,y
d,u,a,l,s
d,u,c,a,l
d,u,c,a,t
d,u,c,h,y
d,u,c,k,s
d,u,c,k,y
d,u,c,t,s
d,u,d,e,s
d,u,e,l,s
d,u,e,t,s
d,u,f,f,s
d,u,k,e,s
d,u,l,l,s
d,u,l,l,y
d,u,l,s,e
d,u,m,b,o
d,u,m,m,y
d,u,m,p,s
d,u,m,p,y
d,u,n,c,e
d,u,n,e,s
d,u,n,k,s
d,u,o,m,o
d,u,p,e,d
d,u,p,e,s
d,u,r,a,l
d,u,r,u,m
d,u,s,k,s
d,u,s,k,y
d,u,s,t,s
d,u,s,t,y
d,u,t,c,h
d,u,v,e,t
d,w,a,r,f
d,w,e,e,b
d,w,e,l,l
d,w,e,l,t
d,y,a,d,s
d,y,e,r,s
d,y,i,n,g
d,y,k,e,s
e,a,g,e,r
e,a,g,l,e
e,a,r,e,d
e,a,r,l,s
e,a,r,l,y
e,a,r,n,s
e,a,r,t,h
e,a,s,e,d
e,a,s,e,l
e,a,s,e,r
e,a,s,e,s
e,a,t,e,n
e,a,t,e,r
e,a,v,e,s
e,b,b,e,d
e,b,o,n,y
e,b,o,o,k
e,c,h,o,s
e,c,l,a,t
e,d,e,m,a
e,d,g,e,d
e,d,g,e,r
e,d,g,e,s
e,d,i,c,t
e,d,i,f,y
e,d,i,t,s
e,e,j,i,t
e,e,r,i,e
e,g,g,e,d
e,g,r,e,t
e,i,d,e,r
e,i,d,o,s
e,i,g,h,t
e,j,e,c,t
e,j,i,d,o
e,l,a,n,d
e,l,b,o,w
e,l,d,e,r
e,l,e,c,t
e,l,e,g,y
e,l,i,d,e
e,l,i,t,e
e,l,o,p,e
e,l,u,d,e
e,l,u,t,e
e,l,v,e,n
e,l,v,e,s
e,m,a,i,l
e,m,b,e,d
e,m,b,e,r
e,m,c,e,e
e,m,e,r,y
e,m,i,r,s
e,m,i,t,s
e,m,o,t,e
e,m,p,t,y
e,n,a,c,t
e,n,d,e,d
e,n,d,o,w
e,n,e,m,a
e,n,e,m,y
e,n,j,o,y
e,n,n,u,i
e,n,o,k,i
e,n,r,o,l
e,n,s,u,e
e,n,t,e,r
e,n,t,r,y
e,n,v,o,y
e,o,s,i,n
e,p,i,c,s
e,p,o,c,h
e,p,o,x,y
e,q,u,a,l
e,q,u,i,p
e,r,a,s,e
e,r,e,c,t
e,r,g,o,t
e,r,o,d,e
e,r,r,e,d
e,r,r,o,r
e,r,u,p,t
e,s,s,a,y
e,t,h,e,r
e,t,h,i,c
e,t,h,o,s
e,t,h,y,l
e,t,u,d,e
e,u,r,o,s
e,v,a,d,e
e,v,e,n,s
e,v,e,n,t
e,v,e,r,y
e,v,i,c,t
e,v,i,l,s
e,v,o,k,e
e,w,e,r,s
e,x,a,c,t
e,x,a,l,t
e,x,a,m,s
e,x,c,e,l
e,x,e,c,s
e,x,e,r,t
e,x,i,l,e
e,x,i,s,t
e,x,i,t,s
e,x,p,a,t
e,x,p,e,l
e,x,p,o,s
e,x,t,o,l
e,x,t,r,a
e,x,u,d,e
e,x,u,l,t
e,x,u,r,b
e,y,i,n,g
e,y,r,i,e
f,a,b,l,e
f,a,c,e,d
f,a,c,e,r
f,a,c,e,s
f,a,c,e,t
f,a,c,i,a
f,a,c,t,s
f,a,d,e,d
f,a,d,e,r
f,a,d,e,s
f,a,e,r,y
f,a,i,l,s
f,a,i,n,t
f,a,i,r,s
f,a,i,r,y
f,a,i,t,h
f,a,k,e,d
f,a,k,e,r
f,a,k,e,s
f,a,k,i,e
f,a,k,i,r
f,a,l,l,s
f,a,m,e,d
f,a,n,c,y
f,a,n,g,s
f,a,n,n,y
f,a,r,c,e
f,a,r,e,d
f,a,r,e,s
f,a,r,m,s
f,a,r,t,s
f,a,s,t,s
f,a,t,a,l
f,a,t,e,d
f,a,t,e,s
f,a,t,s,o
f,a,t,t,y
f,a,t,w,a
f,a,u,l,t
f,a,u,n,a
f,a,u,n,s
f,a,v,a,s
f,a,v,e,s
f,a,v,o,r
f,a,w,n,s
f,a,x,e,d
f,a,x,e,s
f,a,z,e,d
f,a,z,e,s
f,e,a,r,s
f,e,a,s,t
f,e,a,t,s
f,e,c,a,l
f,e,c,e,s
f,e,e,d,s
f,e,e,l,s
f,e,i,g,n
f,e,i,n,t
f,e,l,l,a
f,e,l,l,s
f,e,l,o,n
f,e,l,t,s
f,e,m,m,e
f,e,m,u,r
f,e,n,c,e
f,e,n,d,s
f,e,r,a,l
f,e,r,i,a
f,e,r,n,s
f,e,r,n,y
f,e,r,r,y
f,e,s,t,s
f,e,t,a,l
f,e,t,c,h
f,e,t,e,d
f,e,t,e,s
f,e,t,i,d
f,e,t,u,s
f,e,u,d,s
f,e,v,e,r
f,e,w,e,r
f,i,a,t,s
f,i,b,e,r
f,i,b,r,e
f,i,c,h,e
f,i,c,u,s
f,i,e,f,s
f,i,e,l,d
f,i,e,n,d
f,i,e,r,y
f,i,f,e,s
f,i,f,t,h
f,i,f,t,y
f,i,g,h,t
f,i,l,c,h
f,i,l,e,d
f,i,l,e,r
f,i,l,e,s
f,i,l,e,t
f,i,l,l,s
f,i,l,l,y
f,i,l,m,s
f,i,l,m,y
f,i,l,t,h
f,i,n,a,l
f,i,n,c,a
f,i,n,c,h
f,i,n,d,s
f,i,n,e,d
f,i,n,e,r
f,i,n,e,s
f,i,n,i,s
f,i,n,k,s
f,i,o,r,d
f,i,r,e,d
f,i,r,e,s
f,i,r,m,s
f,i,r,s,t
f,i,s,h,y
f,i,s,t,s
f,i,t,l,y
f,i,v,e,r
f,i,v,e,s
f,i,x,e,d
f,i,x,e,r
f,i,x,e,s
f,i,z,z,y
f,j,o,r,d
f,l,a,c,k
f,l,a,g,s
f,l,a,i,l
f,l,a,i,r
f,l,a,k,e
f,l,a,k,y
f,l,a,m,e
f,l,a,n,k
f,l,a,n,s
f,l,a,p,s
f,l,a,r,e
f,l,a,s,h
f,l,a,s,k
f,l,a,t,s
f,l,a,w,s
f,l,a,y,s
f,l,e,a,s
f,l,e,c,k
f,l,e,e,s
f,l,e,e,t
f,l,e,s,h
f,l,i,c,k
f,l,i,e,r
f,l,i,e,s
f,l,i,n,g
f,l,o,a,t
f,l,o,o,d
f,l,o,o,r
f,l,o,u,r
f,l,o,w,n
f,l,o,w,s
f,l,u,i,d
f,l,y,e,r
f,o,c,a,l
f,o,c,u,s
f,o,l,k,s
f,o,n,t,s
f,o,o,d,s
f,o,r,c,e
f,o,r,m,s
f,o,r,t,h
f,o,r,t,y
f,o,r,u,m
f,o,u,n,d
f,r,a,m,e
f,r,a,u,d
f,r,e,s,h
f,r,i,e,d
f,r,i,e,s
f,r,o,n,t
f,r,o,s,t
f,r,u,i,t
f,u,e,l,s
f,u,l,l,y
f,u,n,d,s
f,u,n,n,y
g,a,i,n,s
g,a,m,e,s
g,a,m,m,a
g,a,s,e,s
g,a,t,e,s
g,a,u,g,e
g,e,a,r,s
g,e,n,e,s
g,e,n,r,e
g,h,o,s,t
g,i,a,n,t
g,i,f,t,s
g,i,r,l,s
g,i,v,e,n
g,i,v,e,s
g,l,a,n,d
g,l,a,s,s
g,l,o,b,e
g,l,o,r,y
g,l,o,s,s
g,l,o,v,e
g,l,u,e,d
g,o,a,l,s
g,o,a,t,s
g,o,i,n,g
g,o,o,d,s
g,r,a,c,e
g,r,a,d,e
g,r,a,i,n
g,r,a,m,s
g,r,a,n,d
g,r,a,n,t
g,r,a,p,e
g,r,a,p,h
g,r,a,s,p
g,r,a,s,s
g,r,a,v,e
g,r,e,a,t
g,r,e,e,k
g,r,e,e,n
g,r,e,e,t
g,r,i,e,f
g,r,i,l,l
g,r,i,n,d
g,r,i,p,s
g,r,o,s,s
g,r,o,u,p
g,r,o,v,e
g,r,o,w,n
g,r,o,w,s
g,u,a,r,d
g,u,e,s,s
g,u,e,s,t
g,u,i,d,e
g,u,i,l,d
g,u,i,l,t
h,a,b,i,t
h,a,i,r,s
h,a,l,l,s
h,a,n,d,s
h,a,n,d,y
h,a,n,g,s
h,a,p,p,y
h,a,r,s,h
h,a,t,e,d
h,a,t,e,s
h,a,v,e,n
h,a,w,k,s
h,e,a,d,s
h,e,a,r,d
h,e,a,r,t
h,e,a,v,y
h,e,d,g,e
h,e,e,l,s
h,e,l,l,o
h,e,l,p,s
h,e,n,c,e
h,e,r,b,s
h,i,g,h,s
h,i,l,l,s
h,i,n,t,s
h,i,r,e,d
h,o,b,b,y
h,o,l,d,s
h,o,l,e,s
h,o,l,l,y
h,o,m,e,s
h,o,n,e,y
h,o,n,o,r
h,o,o,k,s
h,o,p,e,d
h,o,p,e,s
h,o,r,n,s
h,o,r,s,e
h,o,s,t,s
h,o,t,e,l
h,o,u,r,s
h,o,u,s,e
h,o,v,e,r
h,u,m,a,n
h,u,m,o,r
h,u,r,t,s
i,c,o,n,s
i,d,e,a,l
i,d,e,a,s
i,d,i,o,t
i,m,a,g,e
i,m,p,l,y
i,n,b,o,x
i,n,c,u,r
i,n,d,e,x
i,n,d,i,e
i,n,n,e,r
i,n,p,u,t
i,n,t,r,o
i,s,s,u,e
i,t,e,m,s
j,e,a,n,s
j,e,l,l,y
j,e,w,e,l
j,o,i,n,s
j,o,i,n,t
j,o,k,e,s
j,u,d,g,e
j,u,i,c,e
j,u,i,c,y
j,u,m,p,s
k,e,e,p,s
k,i,c,k,s
k,i,l,l,s
k,i,n,d,a
k,i,n,d,s
k,i,n,g,s
k,n,e,e,s
k,n,i,f,e
k,n,o,c,k
k,n,o,t,s
k,n,o,w,n
k,n,o,w,s
l,a,b,e,l
l,a,b,o,r
l,a,c,k,s
l,a,k,e,s
l,a,m,p,s
l,a,n,d,s
l,a,n,e,s
l,a,r,g,e
l,a,s,e,r
l,a,s,t,s
l,a,t,e,r
l,a,u,g,h
l,a,y,e,r
l,e,a,d,s
l,e,a,k,s
l,e,a,r,n
l,e,a,s,e
l,e,a,s,t
l,e,a,v,e
l,e,g,a,l
l,e,m,o,n
l,e,v,e,l
l,e,v,e,r
l,i,g,h,t
l,i,k,e,d
l,i,k,e,s
l,i,m,b,s
l,i,m,i,t
l,i,n,e,d
l,i,n,e,n
l,i,n,e,r
l,i,n,e,s
l,i,n,k,s
l,i,o,n,s
l,i,s,t,s
l,i,v,e,d
l,i,v,e,r
l,i,v,e,s
l,o,a,d,s
l,o,a,n,s
l,o,b,b,y
l,o,c,a,l
l,o,c,k,s
l,o,d,g,e
l,o,g,i,c
l,o,g,o,s
l,o,o,k,s
l,o,o,p,s
l,o,o,s,e
l,o,r,d,s
l,o,s,e,s
l,o,v,e,d
l,o,v,e,r
l,o,v,e,s
l,o,w,e,r
l,o,y,a,l
l,u,c,k,y
l,u,n,a,r
l,u,n,c,h
l,u,n,g,s
l,y,i,n,g
m,a,c,r,o
m,a,g,i,c
m,a,j,o,r
m,a,k,e,r
m,a,k,e,s
m,a,l,e,s
m,a,p,l,e
m,a,r,c,h
m,a,r,k,s
m,a,r,r,y
m,a,s,k,s
m,a,t,c,h
m,a,t,e,s
m,a,t,h,s
m,a,t,t,e
m,a,y,b,e
m,a,y,o,r
m,e,a,l,s
m,e,a,n,s
m,e,a,n,t
m,e,a,t,s
m,e,d,a,l
m,e,d,i,a
m,e,e,t,s
m,e,l,e,e
m,e,n,u,s
m,e,r,c,y
m,e,r,g,e
m,e,r,i,t
m,e,r,r,y
m,e,s,s,y
m,e,t,a,l
m,e,t,e,r
m,e,t,r,o
m,i,c,r,o
m,i,d,s,t
m,i,g,h,t
m,i,l,e,s
m,i,n,d,s
m,i,n,e,s
m,i,n,o,r
m,i,n,u,s
m,i,x,e,d
m,i,x,e,r
m,i,x,e,s
m,o,d,e,l
m,o,d,e,m
m,o,d,e,s
m,o,i,s,t
m,o,n,e,y
m,o,n,t,h
m,o,r,a,l
m,o,t,o,r
m,o,u,n,t
m,o,u,s,e
m,o,u,t,h
m,o,v,e,d
m,o,v,e,s
m,o,v,i,e
m,u,s,i,c
m,y,t,h,s
n,a,i,l,s
n,a,k,e,d
n,a,m,e,d
n,a,m,e,s
n,a,s,a,l
n,a,s,t,y
n,a,v,a,l
n,e,e,d,s
n,e,r,v,e
n,e,v,e,r
n,e,w,e,r
n,e,w,l,y
n,e,x,u,s
n,i,c,e,r
n,i,c,h,e
n,i,g,h,t
n,i,n,j,a
n,i,n,t,h
n,o,b,l,e
n,o,d,e,s
n,o,i,s,e
n,o,i,s,y
n,o,r,m,s
n,o,r,t,h
n,o,t,c,h
n,o,t,e,d
n,o,t,e,s
n,o,v,e,l
n,u,r,s,e
n,y,l,o,n
o,a,s,i,s
o,c,c,u,r
o,c,e,a,n
o,f,f,e,r
o,f,t,e,n
o,l,d,e,r
o,l,i,v,e
o,m,e,g,a
o,n,i,o,n
o,n,s,e,t
o,p,e,n,s
o,p,e,r,a
o,p,t,e,d
o,p,t,i,c
o,r,b,i,t
o,r,d,e,r
o,r,g,a,n
o,t,h,e,r
o,u,g,h,t
o,u,n,c,e
o,u,t,e,r
o,w,n,e,d
o,w,n,e,r
o,x,i,d,e
p,a,c,k,s
p,a,g,e,s
p,a,i,n,s
p,a,i,n,t
p,a,i,r,s
p,a,n,e,l
p,a,n,i,c
p,a,n,t,s
p,a,p,e,r
p,a,r,k,s
p,a,r,t,s
p,a,r,t,y
p,a,s,t,a
p,a,s,t,e
p,a,t,c,h
p,a,t,h,s
p,a,t,i,o
p,a,u,s,e
p,e,a,c,e
p,e,a,c,h
p,e,a,k,s
p,e,a,r,l
p,e,d,a,l
p,e,e,r,s
p,e,n,i,s
p,e,n,n,y
p,e,r,k,s
p,e,s,t,s
p,e,t,t,y
p,h,a,s,e
p,h,o,n,e
p,h,o,t,o
p,i,a,n,o
p,i,c,k,s
p,i,e,c,e
p,i,l,e,s
p,i,l,l,s
p,i,l,o,t
p,i,n,c,h
p,i,p,e,s
p,i,t,c,h
p,i,x,e,l
p,i,z,z,a
p,l,a,c,e
p,l,a,i,n
p,l,a,n,e
p,l,a,n,s
p,l,a,n,t
p,l,a,t,e
p,l,a,y,s
p,l,a,z,a
p,l,o,t,s
p,l,u,g,s
p,o,e,m,s
p,o,i,n,t
p,o,k,e,r
p,o,l,a,r
p,o,l,e,s
p,o,l,l,s
p,o,o,l,s
p,o,r,c,h
p,o,r,e,s
p,o,r,t,s
p,o,s,e,d
p,o,s,e,s
p,o,s,t,s
p,o,u,c,h
p,o,u,n,d
p,o,w,e,r
p,r,e,s,s
p,r,i,c,e
p,r,i,d,e
p,r,i,m,e
p,r,i,n,t
p,r,i,o,r
p,r,i,z,e
p,r,o,b,e
p,r,o,m,o
p,r,o,n,e
p,r,o,o,f
p,r,o,p,s
p,r,o,u,d
p,r,o,v,e
p,r,o,x,y
p,s,a,l,m
p,u,l,l,s
p,u,l,s,e
p,u,m,p,s
p,u,n,c,h
p,u,p,i,l
p,u,p,p,y
p,u,r,s,e
q,u,e,e,n
q,u,e,r,y
q,u,e,s,t
q,u,e,u,e
q,u,i,c,k
q,u,i,e,t
q,u,i,l,t
q,u,i,t,e
q,u,o,t,e
r,a,c,e,s
r,a,c,k,s
r,a,d,a,r
r,a,d,i,o
r,a,i,l,s
r,a,i,n,y
r,a,i,s,e
r,a,l,l,y
r,a,n,c,h
r,a,n,g,e
r,a,n,k,s
r,a,p,i,d
r,a,t,e,d
r,a,t,e,s
r,a,t,i,o
r,a,z,o,r
r,e,a,c,h
r,e,a,c,t
r,e,a,d,s
r,e,a,d,y
r,e,a,l,m
r,e,b,e,l
r,e,f,e,r
r,e,i,g,n
r,e,l,a,x
r,e,l,a,y
r,e,n,a,l
r,e,n,e,w
r,e,p,l,y
r,e,s,e,t
r,e,s,i,n
r,e,t,r,o
r,i,d,e,r
r,i,d,e,s
r,i,d,g,e
r,i,f,l,e
r,i,g,h,t
r,i,g,i,d
r,i,n,g,s
r,i,n,s,e
r,i,s,e,n
r,i,s,e,s
r,i,s,k,s
r,i,s,k,y
r,i,v,a,l
r,i,v,e,r
r,o,a,d,s
r,o,b,o,t
r,o,c,k,s
r,o,c,k,y
r,o,g,u,e
r,o,l,e,s
r,o,l,l,s
r,o,m,a,n
r,o,o,m,s
r,o,o,t,s
r,o,p,e,s
r,o,s,e,s
r,o,u,g,h
r,o,u,n,d
r,o,u,t,e
r,o,y,a,l
r,u,g,b,y
r,u,i,n,s
r,u,l,e,d
r,u,l,e,r
r,u,l,e,s
r,u,r,a,l
s,a,d,l,y
s,a,f,e,r
s,a,l,a,d
s,a,l,e,s
s,a,l,o,n
s,a,n,d,y
s,a,t,i,n
s,a,u,c,e
s,a,v,e,d
s,a,v,e,s
s,c,a,l,e
s,c,a,l,p
s,c,a,n,s
s,c,a,r,e
s,c,a,r,f
s,c,a,r,y
s,c,e,n,e
s,c,e,n,t
s,c,o,o,p
s,c,o,p,e
s,c,o,r,e
s,c,o,u,t
s,c,r,a,p
s,c,r,e,w
s,e,a,l,s
s,e,a,m,s
s,e,a,t,s
s,e,e,d,s
s,e,e,k,s
s,e,e,m,s
s,e,l,l,s
s,e,n,d,s
s,e,n,s,e
s,e,r,u,m
s,e,r,v,e
s,e,t,u,p
s,e,v,e,n
s,e,w,e,r
s,h,a,d,e
s,h,a,f,t
s,h,a,k,e
s,h,a,l,l
s,h,a,m,e
s,h,a,p,e
s,h,a,r,e
s,h,a,r,k
s,h,a,r,p
s,h,e,e,p
s,h,e,e,r
s,h,e,e,t
s,h,e,l,f
s,h,e,l,l
s,h,i,f,t
s,h,i,n,e
s,h,i,n,y
s,h,i,p,s
s,h,i,r,t
s,h,o,c,k
s,h,o,e,s
s,h,o,o,k
s,h,o,o,t
s,h,o,p,s
s,h,o,r,e
s,h,o,r,t
s,h,o,t,s
s,h,o,w,n
s,h,o,w,s
s,i,d,e,s
s,i,e,g,e
s,i,g,h,t
s,i,g,m,a
s,i,g,n,s
s,i,l,l,y
s,i,n,c,e
s,i,t,e,s
s,i,x,t,h
s,i,z,e,d
s,i,z,e,s
s,k,i,e,s
s,k,i,l,l
s,k,i,n,s
s,k,i,r,t
s,k,u,l,l
s,l,a,t,e
s,l,a,v,e
s,l,e,e,k
s,l,e,e,p
s,l,e,p,t
s,l,i,c,e
s,l,i,d,e
s,l,o,p,e
s,l,o,t,s
s,m,a,l,l
s,m,a,r,t
s,m,e,l,l
s,m,i,l,e
s,m,o,k,e
s,n,a,c,k
s,n,a,k,e
s,n,e,a,k
s,o,c,k,s
s,o,i,l,s
s,o,l,a,r
s,o,l,i,d
s,o,l,v,e
s,o,n,g,s
s,o,n,i,c
s,o,r,r,y
s,o,r,t,s
s,o,u,l,s
s,o,u,n,d
s,o,u,t,h
s,p,a,c,e
s,p,a,r,e
s,p,a,r,k
s,p,e,a,k
s,p,e,c,s
s,p,e,e,d
s,p,e,l,l
s,p,e,n,d
s,p,e,n,t
s,p,e,r,m
s,p,i,c,e
s,p,i,c,y
s,p,i,k,e
s,p,i,n,e
s,p,i,t,e
s,p,l,i,t
s,p,o,k,e
s,p,o,o,n
s,p,o,r,t
s,p,o,t,s
s,p,r,a,y
s,p,u,r,s
s,q,u,a,d
s,t,a,c,k
s,t,a,f,f
s,t,a,g,e
s,t,a,i,n
s,t,a,k,e
s,t,a,m,p
s,t,a,n,d
s,t,a,r,k
s,t,a,r,s
s,t,a,r,t
s,t,a,t,e
s,t,a,t,s
s,t,a,y,s
s,t,e,a,k
s,t,e,a,l
s,t,e,a,m
s,t,e,e,l
s,t,e,e,p
s,t,e,e,r
s,t,e,m,s
s,t,e,p,s
s,t,i,c,k
s,t,i,f,f
s,t,i,l,l
s,t,o,c,k
s,t,o,l,e
s,t,o,n,e
s,t,o,o,d
s,t,o,o,l
s,t,o,p,s
s,t,o,r,e
s,t,o,r,m
s,t,o,r,y
s,t,o,v,e
s,t,r,a,p
s,t,r,a,w
s,t,r,i,p
s,t,u,c,k
s,t,u,d,y
s,t,u,f,f
s,t,y,l,e
s,u,c,k,s
s,u,g,a,r
s,u,i,t,e
s,u,i,t,s
s,u,n,n,y
s,u,p,e,r
s,u,r,g,e
s,u,s,h,i
s,w,e,a,r
s,w,e,a,t
s,w,e,e,t
s,w,e,p,t
s,w,i,f,t
s,w,i,n,g
s,w,i,s,s
s,w,o,r,d
s,y,r,u,p
t,a,b,l,e
t,a,k,e,n
t,a,k,e,s
t,a,l,e,s
t,a,l,k,s
t,a,n,k,s
t,a,p,e,s
t,a,s,k,s
t,a,s,t,e
t,a,s,t,y
t,a,x,e,s
t,e,a,c,h
t,e,a,m,s
t,e,a,r,s
t,e,e,n,s
t,e,e,t,h
t,e,l,l,s
t,e,m,p,o
t,e,n,d,s
t,e,n,t,h
t,e,n,t,s
t,e,r,m,s
t,e,s,t,s
t,e,x,t,s
t,h,a,n,k
t,h,e,f,t
t,h,e,i,r
t,h,e,m,e
t,h,e,r,e
t,h,e,s,e
t,h,i,c,k
t,h,i,e,f
t,h,i,g,h
t,h,i,n,g
t,h,i,n,k
t,h,i,r,d
t,h,o,s,e
t,h,r,e,e
t,h,r,e,w
t,h,r,o,w
t,h,u,m,b
t,i,g,e,r
t,i,g,h,t
t,i,l,e,s
t,i,m,e,r
t,i,m,e,s
t,i,r,e,d
t,i,r,e,s
t,i,t,l,e
t,o,a,s,t
t,o,d,a,y
t,o,k,e,n
t,o,n,e,s
t,o,o,l,s
t,o,o,t,h
t,o,p,i,c
t,o,r,c,h
t,o,t,a,l
t,o,u,c,h
t,o,u,g,h
t,o,u,r,s
t,o,w,e,l
t,o,w,e,r
t,o,w,n,s
t,o,x,i,c
t,r,a,c,e
t,r,a,c,k
t,r,a,c,t
t,r,a,d,e
t,r,a,i,l
t,r,a,i,n
t,r,a,i,t
t,r,a,n,s
t,r,a,p,s
t,r,a,s,h
t,r,e,a,t
t,r,e,e,s
t,r,e,n,d
t,r,i,a,l
t,r,i,b,e
t,r,i,c,k
t,r,i,e,d
t,r,i,e,s
t,r,i,p,s
t,r,o,u,t
t,r,u,c,k
t,r,u,l,y
t,r,u,m,p
t,r,u,n,k
t,r,u,s,t
t,r,u,t,h
t,u,b,e,s
t,u,m,o,r
t,u,n,e,d
t,u,n,e,s
t,u,r,b,o
t,u,r,n,s
t,u,t,o,r
t,w,e,e,t
t,w,i,c,e
t,w,i,n,s
t,w,i,s,t
t,y,p,e,s
t,y,r,e,s
u,l,t,r,a
u,n,c,l,e
u,n,d,e,r
u,n,i,o,n
u,n,i,t,e
u,n,i,t,s
u,n,i,t,y
u,n,t,i,l
u,p,p,e,r
u,p,s,e,t
u,r,b,a,n
u,r,g,e,d
u,r,i,n,e
u,s,a,g,e
u,s,e,r,s
u,s,i,n,g
u,s,u,a,l
v,a,g,u,e
v,a,l,i,d
v,a,l,u,e
v,a,l,v,e
v,a,p,o,r
v,a,u,l,t
v,e,g,a,n
v,e,i,n,s
v,e,n,t,s
v,e,n,u,e
v,e,r,s,e
v,i,d,e,o
v,i,e,w,s
v,i,l,l,a
v,i,n,y,l
v,i,r,a,l
v,i,r,u,s
v,i,s,a,s
v,i,s,i,t
v,i,t,a,l
v,i,v,i,d
v,o,c,a,l
v,o,d,k,a
v,o,i,c,e
v,o,l,t,s
v,o,t,e,d
v,o,t,e,r
v,o,t,e,s
w,a,g,e,s
w,a,g,o,n
w,a,i,s,t
w,a,l,k,s
w,a,l,l,s
w,a,n,t,s
w,a,r,n,s
w,a,s,t,e
w,a,t,c,h
w,a,t,e,r
w,a,t,t,s
w,a,v,e,s
w,e,a,r,s
w,e,e,d,s
w,e,e,k,s
w,e,i,g,h
w,e,i,r,d
w,e,l,l,s
w,e,l,s,h
w,h,a,l,e
w,h,e,a,t
w,h,e,e,l
w,h,e,r,e
w,h,i,c,h
w,h,i,l,e
w,h,i,t,e
w,h,o,l,e
w,h,o,s,e
w,i,d,e,r
w,i,d,o,w
w,i,d,t,h
w,i,n,d,s
w,i,n,e,s
w,i,n,g,s
w,i,p,e,d
w,i,r,e,d
w,i,r,e,s
w,i,t,c,h
w,i,v,e,s
w,o,m,a,n
w,o,m,e,n
w,o,o,d,s
w,o,r,d,s
w,o,r,k,s
w,o,r,l,d
w,o,r,m,s
w,o,r,r,y
w,o,r,s,e
w,o,r,s,t
w,o,r,t,h
w,o,u,l,d
w,o,u,n,d
w,r,a,t,h
w,r,i,s,t
w,r,i,t,e
w,r,o,n,g
w,r,o,t,e
y,a,c,h,t
y,a,r,d,s
y,e,a,r,s
y,e,a,s,t
y,i,e,l,d
y,o,u,n,g
y,o,u,r,s
y,o,u,t,h
y,u,m,m,y
z,o,n,e,s
